{"cameraMode":{"drawMode":0,"name":"Shaded","section":"Shading Mode"},"sceneLighting":true,"audioPlay":false,"sceneViewState":{"m_AlwaysRefresh":false,"showFog":true,"showSkybox":true,"showFlares":true,"showImageEffects":true,"showParticleSystems":true,"showVisualEffectGraphs":true,"m_FxEnabled":true},"in2DMode":false,"pivot":{"x":-0.15935209393501283,"y":9.66960620880127,"z":10.925712585449219},"rotation":{"x":-0.01080827321857214,"y":0.011096090078353882,"z":-0.00012311995669733733,"w":-0.9998952150344849},"size":5.435789108276367,"orthographic":false}